Image URL,Title,Author,ISBN
http://ecx.images-amazon.com/images/I/51l6XIoa3rL.jpg,With Schwarzkopf: Life Lessons of The Bear,Gus Lee,9781588345295
http://ecx.images-amazon.com/images/I/51UJnL3Tx6L.jpg,"Magnets: Pulling Together, Pushing Apart (Amazing Science)","Rosinsky, Natalie M.",9781404803336
http://ecx.images-amazon.com/images/I/51MGUKhkyhL.jpg,Energy Security (SAGE Library of International Security),Uknown,9781446276082
http://ecx.images-amazon.com/images/I/51qKvjsi3ML.jpg,An Amish Gathering: Life in Lancaster County,Beth Wiseman,9781400316212
http://ecx.images-amazon.com/images/I/51qoUENb1CL.jpg,City of Rocks Idaho: A Climber's Guide (Regional Rock Climbing Series),Dave Bingham,9780970096418
http://ecx.images-amazon.com/images/I/41aDW5pzZBL.jpg,Como vencer el insomnio. Tecnicas,"Chóliz Montañés, Mariano",9788436808056
http://ecx.images-amazon.com/images/I/51Lpg7xmrBL.jpg,John Martin Littlejohn: An Enigma of Osteopathy,John O'Brien,9781848291386
http://ecx.images-amazon.com/images/I/51WccSzFUrL.jpg,Chemistry: The Molecular Nature of Matter and Change,Martin Silberberg,9781259631757
http://ecx.images-amazon.com/images/I/51rJir5EpnL.jpg,Mosby's Oncology Nursing Advisor: A Comprehensive Guide to Clinical Practice, 1e,9780323045971
http://ecx.images-amazon.com/images/I/61KoC743OzL.jpg,Ireland's Wild Atlantic Way,Carsten Krieger,9781008708938
http://ecx.images-amazon.com/images/I/515LqScy63L.jpg,Lonely Planet Israel & the Palestinian Territories (Travel Guide),Lonely Planet,9789448800137
http://ecx.images-amazon.com/images/I/51T6dO1XxfL.jpg,Day Trading Options: Profiting from Price Distortions in Very Brief Time Frames,Jeff Augen,9785220934007
http://ecx.images-amazon.com/images/I/71SDZJBGFWL.gif,Breads, Cakes,9782878570908
http://ecx.images-amazon.com/images/I/41giXSUi1TL.jpg,Running and Philosophy: A Marathon for the Mind,,9781715287443
http://ecx.images-amazon.com/images/I/6124u5dAX0L.jpg,Wood Spirits and Green Men: A Design Sourcebook for Woodcarvers and Other Artists,Lora S. Irish,9789438369491
http://ecx.images-amazon.com/images/I/61JkH6IoBVL.jpg,Janice VanCleave's 201 Awesome, Magical,9782891732420
http://ecx.images-amazon.com/images/I/51EX%2B0AP6bL.jpg,Making Sense of Tantric Buddhism: History, Semiology,9782693921176
http://ecx.images-amazon.com/images/I/51h7sbd2nIL.jpg,The Making Of Global Capitalism: The Political Economy Of American Empire,Sam Gindin,9784365963439
http://ecx.images-amazon.com/images/I/51wuInBbvjL.jpg,Breaking News (Godmothers, Book 5) (The Godmothers),9786276361151
http://ecx.images-amazon.com/images/I/31Z4b7dXsLL.jpg,Advances in Renal Transplantation,,9789947391501
http://ecx.images-amazon.com/images/I/41kYsgtQOdL.jpg,Band Theory and Electronic Properties of Solids (Oxford Master Series in Condensed Matter Physics),John Singleton,9789837061804
http://ecx.images-amazon.com/images/I/51ireXRMvsL.jpg,Jokes, Jokes and More Jokes: Hilarious Adult Humor with Over 600 of the Funniest Dirty Jokes,9781498491181
http://ecx.images-amazon.com/images/I/414YNMQ5F5L.jpg,Pakistan: In the Shadow of Jihad and Afghanistan,Mary Anne Weaver,9782648732574
http://ecx.images-amazon.com/images/I/41OwekbpbvL.jpg,Byron's Poetry and Prose (Norton Critical Edition),George Gordon Byron,9783965523791
http://ecx.images-amazon.com/images/I/41C30XZKNPL.jpg,Issues in Cost Accounting for Health Care Organizations,Steven A. Finkler,9787235113750
http://ecx.images-amazon.com/images/I/41obuoTyonL.jpg,Employment Law In Ireland: A Guide in Plain English for Employers and Employees,Mr. Terry Gorry,9784642677981
http://ecx.images-amazon.com/images/I/51TSPSAY%2BlL.jpg,Automatic Speech Recognition: A Deep Learning Approach (Signals and Communication Technology),Dong Yu,9781175385475
http://ecx.images-amazon.com/images/I/51fP7RyP21L.jpg,The Routledge Companion to Ethnic Marketing (Routledge Companions in Business, Management and Accounting),9787742593892
http://ecx.images-amazon.com/images/I/413FYCDWASL.jpg,Waste Trading among Rich Nations: Building a New Theory of Environmental Regulation (American and Comparative Environmental Policy),Kate O'Neill,9781422049105
http://ecx.images-amazon.com/images/I/51IQpyBnJqL.jpg,Seamless: Understanding the Bible as One Complete Story (Member Book),Angie Smith,9787602482007
http://ecx.images-amazon.com/images/I/41z9vDQrY1L.jpg,Hydrophilic Interaction Chromatography: A Guide for Practitioners,Bernard A. Olsen,9789630391702
http://ecx.images-amazon.com/images/I/51U7tFqa8OL.jpg,Android Fun,Mr Ujjwal Kumar Gupta,9789449910811
http://ecx.images-amazon.com/images/I/51mg7cMPo2L.jpg,Mastering phpMyAdmin 3.4 for Effective MySQL Management,Marc Delisle,9784017924641
http://ecx.images-amazon.com/images/I/51zOV5o7u5L.jpg,The Cure of Ars: The Priest Who Out-Talked the Devil,Milton Lomask,9787098423768
http://ecx.images-amazon.com/images/I/410U-2vJOfL.jpg,Not For Tourists Guide to Seattle (Not for Tourists Guidebook),Not For Tourists,9780465762255
http://ecx.images-amazon.com/images/I/51QBYgbeydL.jpg,Financial Services Management: A Qualitative Approach,Stewart Falconer,9782122308905
http://ecx.images-amazon.com/images/I/51BX1JC2VDL.jpg,Mat: Miller Analogies Test (Arco Master the Miller Analogies Test),Eve P. Steinberg,9786468513344
http://ecx.images-amazon.com/images/I/51MRa6xYB3L.jpg,When Sparrows Became Hawks: The Making of the Sikh Warrior Tradition, 1699-1799,9783265134116
http://ecx.images-amazon.com/images/I/41UbkOAA5FL.jpg,Hyperobjects: Philosophy and Ecology after the End of the World (Posthumanities),Timothy Morton,9787953767396
http://ecx.images-amazon.com/images/I/51A9vJZdIGL.jpg,Sydney PopOut Map (PopOut Maps),,9787967200070
http://ecx.images-amazon.com/images/I/51OP%2BSxA1YL.jpg,Five Little Ducks (Classic Books With Holes),Annie Kubler,9781141111091
http://ecx.images-amazon.com/images/I/51e7kqjZ2IL.jpg,Keeping the Books: Basic Recordkeeping and Accounting for Small Business (Small Business Strategies Series),Linda Pinson,9787737462813
http://ecx.images-amazon.com/images/I/51s8awrmTRL.jpg,Becoming Dr. Q: My Journey from Migrant Farm Worker to Brain Surgeon,Alfredo Quinones-Hinojosa,9782032855735
http://ecx.images-amazon.com/images/I/61nrXyvC9TL.jpg,Creating a Life Together: Practical Tools to Grow Ecovillages and Intentional Communities,Diana Leafe Christian,9784379284124
http://ecx.images-amazon.com/images/I/51PwWY4gE5L.jpg,McGraw-Hill Math Grade 1,McGraw-Hill Education,9785236287791
http://ecx.images-amazon.com/images/I/51J%2B8oIdDZL.jpg,The Unofficial Guide to Universal Orlando,Seth Kubersky,9788029075605
http://ecx.images-amazon.com/images/I/51mLptRB3fL.jpg,Elements of Literature: Student Edition Grade 7 First Course 2005,RINEHART AND WINSTON HOLT,9789121488539
http://ecx.images-amazon.com/images/I/51I52I%2BcXkL.jpg,Discovery in the Cave (Step into Reading),Mark Dubowski,9785450568461
http://ecx.images-amazon.com/images/I/71Hq3HWcpoL.jpg,Tropical World: A Coloring Book Adventure (A Millie Marotta Adult Coloring Book),Millie Marotta,9780127748405
